{
    "player.death": {
      "_use_legacy_max_distance": "true",
      "category": "player",
      "max_distance": 24,
      "sounds": [
        "sounds/v/player/amongus",
        "sounds/v/player/bass",
        "sounds/v/player/beans",
        "sounds/v/player/beatbox",
        "sounds/v/player/beebee",
        "sounds/v/player/bell",
        "sounds/v/player/bonk",
        "sounds/v/player/boom",
        "sounds/v/player/brb",
        "sounds/v/player/candy",
        "sounds/v/player/daddy",
        "sounds/v/player/dial",
        "sounds/v/player/disconnect",
        "sounds/v/player/dun",
        "sounds/v/player/error",
        "sounds/v/player/errorspam",
        "sounds/v/player/failed",
        "sounds/v/player/fart",
        "sounds/v/player/fbi",
        "sounds/v/player/flute",
        "sounds/v/player/fortnite",
        "sounds/v/player/goofy",
        "sounds/v/player/gta",
        "sounds/v/player/guitar",
        "sounds/v/player/highpitch",
        "sounds/v/player/illuminati",
        "sounds/v/player/mario",
        "sounds/v/player/mutahar",
        "sounds/v/player/no",
        "sounds/v/player/oof",
        "sounds/v/player/outta",
        "sounds/v/player/pac",
        "sounds/v/player/pam",
        "sounds/v/player/regular",
        "sounds/v/player/rimshot",
        "sounds/v/player/role",
        "sounds/v/player/scream",
        "sounds/v/player/slumber",
        "sounds/v/player/smash",
        "sounds/v/player/smoking",
        "sounds/v/player/sonic",
        "sounds/v/player/spider",
        "sounds/v/player/squish",
        "sounds/v/player/subaluwa",
        "sounds/v/player/sus",
        "sounds/v/player/terraria",
        "sounds/v/player/triggered",
        "sounds/v/player/trumpet",
        "sounds/v/player/warzone",
        "sounds/v/player/wilhelm",
        "sounds/v/player/windows",
        "sounds/v/player/women",
        "sounds/v/player/wow",
        "sounds/v/player/yoda"
      ]
    },
  
        "c1":{
          "category": "music",
          "sounds":[
              {
                  "name": "sounds/music/c1",
                  "stream": true
              }
          ]
      },
      "c2":{
          "category": "music",
          "sounds":[
              {
                  "name": "sounds/music/zeemon",
                  "stream": true
              }
          ]
      },
      "c3":{
          "category": "music",
          "sounds":[
              {
                  "name": "sounds/music/f",
                  "stream": true
              }
          ]
      },
      "c4":{
          "category": "music",
          "sounds":[
              {
                  "name": "sounds/music/w",
                  "stream": true
              }
          ]
      },
      "c5":{
          "category": "music",
          "sounds":[
              {
                  "name": "sounds/new/1203(1)",
                  "stream": true
              }
          ]
        },
          "c6":{
            "category": "music",
            "sounds":[
                {
                    "name": "sounds/new/1203(3)",
                    "stream": true
                }
            ]
          },
          "c7":{
            "category": "music",
            "sounds":[
                {
                    "name": "sounds/new/1203(4)",
                    "stream": true
                }
            ]
          },
          "c8":{
            "category": "music",
            "sounds":[
                {
                    "name": "sounds/new/1203(5)",
                    "stream": true
                }
            ]
          },
          "c9":{
            "category": "music",
            "sounds":[
                {
                    "name": "sounds/new/1203(6)",
                    "stream": true
                }
            ]
          },
          "c10":{
            "category": "music",
            "sounds":[
                {
                    "name": "sounds/new/1203(7)",
                    "stream": true
                }
            ]
          },
          "c11":{
            "category": "music",
            "sounds":[
                {
                    "name": "sounds/new/1203(8)",
                    "stream": true
                }
            ]
          },

          "c12":{
            "category": "music",
            "sounds":[
                {
                    "name": "sounds/new/1203(9)",
                    "stream": true
                }
            ]
          },
          "c13":{
            "category": "music",
            "sounds":[
                {
                    "name": "sounds/new/1203(10)",
                    "stream": true
                }
            ]
          },
          "c14":{
            "category": "music",
            "sounds":[
                {
                    "name": "sounds/new/1203(11)",
                    "stream": true
                }
            ]
          },
          "c15":{
            "category": "music",
            "sounds":[
                {
                    "name": "sounds/new/steat",
                    "stream": true
                }
            ]
          },
          "c16":{
            "category": "music",
            "sounds":[
                {
                    "name": "sounds/new/1203",
                    "stream": true
                }
            ]
          },
          "c17":{
            "category": "music",
            "sounds":[
                {
                    "name": "sounds/new/game",
                    "stream": true
                }
            ]
          },
          "uhc":{
            "category": "music",
            "sounds":[
                {
                    "name": "sounds/new/0206_1_",
                    "stream": true
                }
            ]
          },
          "c18":{
            "category": "music",
            "sounds":[
                {
                    "name": "sounds/new/jojo2",
                    "stream": true
                }
            ]
          },
          "player1":{
            "category": "music",
            "sounds":[
                {
                    "name": "sounds/new/player",
                    "stream": true
                }
            ]
          }
      }