{
  "format_version": "1.18.20",
  "minecraft:entity": {
    "description": {
      "identifier": "minecraft:player",
      "is_spawnable": false,
      "is_summonable": false,
      "is_experimental": false,
      "scripts": {
        "animate": [
          "uhc"
        ]
      },
      "animations": {
        "uhc": "controller.animation.uhc"
      }
    },
    "component_groups": {
      "minecraft:add_bad_omen": {
        "minecraft:spell_effects": {
          "add_effects": [
            {
              "effect": "bad_omen",
              "duration": 6000,
              "visible": false,
              "display_on_screen_animation": true
            }
          ]
        },
        "minecraft:timer": {
          "time": [0.0, 0.0],
          "looping": false,
          "time_down_event": {
            "event": "minecraft:clear_add_bad_omen",
            "target": "self"
          }
        }
      },
      "minecraft:clear_bad_omen_spell_effect": {
        "minecraft:spell_effects": {}
      },
      "minecraft:raid_trigger": {
        "minecraft:raid_trigger": {
          "triggered_event": {
            "event": "minecraft:remove_raid_trigger",
            "target": "self"
          }
        },
        "minecraft:spell_effects": {
          "remove_effects": "bad_omen"
        }
      }
    },

    "components": {
      
      "minecraft:damage_sensor": {
        "triggers": {
          "on_damage": {
            "filters": {
              "any_of": [
                {
                  "all_of": [
                    {
                      "test": "has_tag",
                      "subject": "self",
                      "value": "team1"
                    },
                    {
                      "test": "has_tag",
                      "subject": "other",
                      "value": "team1"
                    }
                  ]
                },
                {
                  "all_of": [
                    {
                      "test": "has_tag",
                      "subject": "self",
                      "value": "team2"
                    },
                    {
                      "test": "has_tag",
                      "subject": "other",
                      "value": "team2"
                    }
                  ]
                },
                {
                  "all_of": [
                    {
                      "test": "has_tag",
                      "subject": "self",
                      "value": "team3"
                    },
                    {
                      "test": "has_tag",
                      "subject": "other",
                      "value": "team3"
                    }
                  ]
                },
                {
                  "all_of": [
                    {
                      "test": "has_tag",
                      "subject": "self",
                      "value": "team4"
                    },
                    {
                      "test": "has_tag",
                      "subject": "other",
                      "value": "team4"
                    }
                  ]
                },
                {
                  "all_of": [
                    {
                      "test": "has_tag",
                      "subject": "self",
                      "value": "team5"
                    },
                    {
                      "test": "has_tag",
                      "subject": "other",
                      "value": "team5"
                    }
                  ]
                },
                {
                  "all_of": [
                    {
                      "test": "has_tag",
                      "subject": "self",
                      "value": "team6"
                    },
                    {
                      "test": "has_tag",
                      "subject": "other",
                      "value": "team6"
                    }
                  ]
                },
                {
                  "all_of": [
                    {
                      "test": "has_tag",
                      "subject": "self",
                      "value": "team7"
                    },
                    {
                      "test": "has_tag",
                      "subject": "other",
                      "value": "team7"
                    }
                  ]
                },
                {
                  "all_of": [
                    {
                      "test": "has_tag",
                      "subject": "self",
                      "value": "team8"
                    },
                    {
                      "test": "has_tag",
                      "subject": "other",
                      "value": "team8"
                    }
                  ]
                },
                {
                  "all_of": [
                    {
                      "test": "has_tag",
                      "subject": "self",
                      "value": "team9"
                    },
                    {
                      "test": "has_tag",
                      "subject": "other",
                      "value": "team9"
                    }
                  ]
                },
                {
                  "all_of": [
                    {
                      "test": "has_tag",
                      "subject": "self",
                      "value": "team10"
                    },
                    {
                      "test": "has_tag",
                      "subject": "other",
                      "value": "team10"
                    }
                  ]
                },
                {
                  "all_of": [
                    {
                      "test": "has_tag",
                      "subject": "self",
                      "value": "team11"
                    },
                    {
                      "test": "has_tag",
                      "subject": "other",
                      "value": "team11"
                    }
                  ]
                },
                {
                  "all_of": [
                    {
                      "test": "has_tag",
                      "subject": "self",
                      "value": "team12"
                    },
                    {
                      "test": "has_tag",
                      "subject": "other",
                      "value": "team12"
                    }
                  ]
                },
                {
                  "all_of": [
                    {
                      "test": "has_tag",
                      "subject": "self",
                      "value": "team13"
                    },
                    {
                      "test": "has_tag",
                      "subject": "other",
                      "value": "team13"
                    }
                  ]
                },
                {
                  "all_of": [
                    {
                      "test": "has_tag",
                      "subject": "self",
                      "value": "team14"
                    },
                    {
                      "test": "has_tag",
                      "subject": "other",
                      "value": "team14"
                    }
                  ]
                },
                {
                  "all_of": [
                    {
                      "test": "has_tag",
                      "subject": "self",
                      "value": "team15"
                    },
                    {
                      "test": "has_tag",
                      "subject": "other",
                      "value": "team15"
                    }
                  ]
                }
              ]
            }
          },
          "deals_damage": false
        }
      },
      "minecraft:experience_reward": {
        "on_death": "Math.Min(query.player_level * 20, 100)"
      },
      "minecraft:type_family": {
        "family": ["player"]
      },
      "minecraft:is_hidden_when_invisible": {},
      "minecraft:loot": {
        "table": "loot_tables/death.json"
      },
      "minecraft:collision_box": {
        "width": 0.6,
        "height": 1.8
      },
      "minecraft:can_climb": {},
      "minecraft:movement": {
        "value": 0.1
      },
      "minecraft:hurt_on_condition": {
        "damage_conditions": [
          {
            "filters": {
              "test": "in_lava",
              "subject": "self",
              "operator": "==",
              "value": true
            },
            "cause": "lava",
            "damage_per_tick": 1
          }
        ]
      },
      "minecraft:attack": {
        "damage": 1
      },
      "minecraft:exhaustion_values": {
        "heal": 6,
        "jump": 0.05,
        "sprint_jump": 0.2,
        "mine": 0.005,
        "attack": 0.1,
        "damage": 0.1,
        "walk": 0.0,
        "sprint": 0.1,
        "swim": 0.01
      },
      "minecraft:player.saturation": {
        "value": 10,
        "max": 20
      },
      "minecraft:player.exhaustion": {
        "value": 0,
        "max": 20
      },
      "minecraft:player.level": {
        "value": 0,
        "max": 24791
      },
      "minecraft:player.experience": {
        "value": 0,
        "max": 1
      },
      "minecraft:breathable": {
        "total_supply": 15,
        "suffocate_time": -1,
        "inhale_time": 3.75,
        "generates_bubbles": false
      },
      "minecraft:nameable": {
        "always_show": true,
        "allow_name_tag_renaming": true
      },
      "minecraft:physics": {
        "push_towards_closest_space": true
      },
      "minecraft:pushable": {
        "is_pushable": false,
        "is_pushable_by_piston": true
      },
      "minecraft:insomnia": {
        "days_until_insomnia": 3
      },
      "minecraft:rideable": {
        "seat_count": 2,
        "family_types": ["parrot_tame"],
        "pull_in_entities": true,
        "seats": [
          {
            "position": [0.4, -0.2, -0.1],
            "min_rider_count": 0,
            "max_rider_count": 0,
            "lock_rider_rotation": 0
          },
          {
            "position": [-0.4, -0.2, -0.1],
            "min_rider_count": 1,
            "max_rider_count": 2,
            "lock_rider_rotation": 0
          }
        ]
      },
      "minecraft:conditional_bandwidth_optimization": {},
      "minecraft:block_climber": {},
      "minecraft:environment_sensor": {
        "triggers": {
          "filters": {
            "all_of": [
              {
                "test": "has_mob_effect",
                "subject": "self",
                "value": "bad_omen"
              },
              {
                "test": "is_in_village",
                "subject": "self",
                "value": true
              }
            ]
          },
          "event": "minecraft:trigger_raid"
        }
      }
    },

    "events": {
      "minecraft:gain_bad_omen": {
        "add": {
          "component_groups": ["minecraft:add_bad_omen"]
        }
      },
      "minecraft:clear_add_bad_omen": {
        "remove": {
          "component_groups": ["minecraft:add_bad_omen"]
        },
        "add": {
          "component_groups": ["minecraft:clear_bad_omen_spell_effect"]
        }
      },
      "minecraft:trigger_raid": {
        "add": {
          "component_groups": ["minecraft:raid_trigger"]
        }
      },
      "minecraft:remove_raid_trigger": {
        "remove": {
          "component_groups": ["minecraft:raid_trigger"]
        }
      }
    }
  }
}
