{
    "namespace": "hud",
    
    "hud_actionbar_text": {
        "type": "image",
        "size": [ " 100%c + 3px", "100%c + 1px" ],
        "offset": [ 130, "-47%" ],
        "texture": "textures/ui/hud_tip_text_background",
        "alpha": "@hud.anim_actionbar_text_background_alpha_out",
        "controls": [
          {
            "actionbar_message": {
              "type": "label",
              "anchor_from":"center",
              "anchor_to":"center",
              "color": "$tool_tip_text",
              "layer": 1,
              "text": "$actionbar_text",
              "localize": false,
              "alpha": "@hud.anim_actionbar_text_alpha_out",
              "always_handle_pointer": "button@minecraft.ui"
            }
          }
        ]
      }
}