 {
    "format_version": "1.8.0",
    "geometry.npc": {
        "texturewidth": 64,
        "textureheight": 64,
        "visible_bounds_width": 3,
        "visible_bounds_height": 3,
        "visible_bounds_offset": [0, 0, 0],
        "bones": [{
            "name": "body",
            "pivot": [0, 0, 0],
            "cubes": [{
                "origin": [-4, 12, -2],
                "size": [8, 12, 4],
                "uv": [16, 16]
            }]
        }, {
            "name": "head",
            "parent": "body",
            "pivot": [0, 24, 0],
            "cubes": [{
                "origin": [-4, 24, -4],
                "size": [8, 8, 8],
                "uv": [32, 0],
                "inflate": 0.5
            }, {
                "origin": [-4, 24, -4],
                "size": [8, 8, 8],
                "uv": [0, 0]
            }]
        }, {
            "name": "arms",
            "parent": "body",
            "pivot": [6, 24, 0],
            "cubes": [{
                "origin": [4, 12, -2],
                "size": [4, 12, 4],
                "uv": [48, 48],
                "inflate": 0.25
            }, {
                "origin": [4, 12, -2],
                "size": [4, 12, 4],
                "uv": [32, 48]
            }]
        }, {
            "name": "jacket",
            "parent": "body",
            "pivot": [0, 0, 0],
            "cubes": [{
                "origin": [-4, 12, -2],
                "size": [8, 12, 4],
                "uv": [16, 32],
                "inflate": 0.25
            }]
        }, {
            "name": "arms2",
            "parent": "body",
            "pivot": [-6, 24, 0],
            "cubes": [{
                "origin": [-8, 12, -2],
                "size": [4, 12, 4],
                "uv": [40, 16]
            }, {
                "origin": [-8, 12, -2],
                "size": [4, 12, 4],
                "uv": [40, 32],
                "inflate": 0.25
            }]
        }, {
            "name": "leg0",
            "pivot": [0, 12, 0],
            "cubes": [{
                "origin": [-3.9, 0, -2],
                "size": [4, 12, 4],
                "uv": [0, 16]
            }]
        }, {
            "name": "rightPants",
            "parent": "leg0",
            "pivot": [-1.9, 12, 0],
            "cubes": [{
                "origin": [-3.9, 0, -2],
                "size": [4, 12, 4],
                "uv": [0, 32],
                "inflate": 0.25
            }]
        }, {
            "name": "leg1",
            "pivot": [0, 12, 0],
            "cubes": [{
                "origin": [-0.1, 0, -2],
                "size": [4, 12, 4],
                "uv": [16, 48]
            }]
        }, {
            "name": "leftPants",
            "parent": "leg1",
            "pivot": [1.9, 12, 0],
            "cubes": [{
                "origin": [-0.1, 0, -2],
                "size": [4, 12, 4],
                "uv": [0, 48],
                "inflate": 0.25
            }]
        }]
    }
}